{"cameraMode":{"drawMode":0,"name":"Shaded","section":"Shading Mode"},"sceneLighting":true,"audioPlay":false,"sceneViewState":{"showFog":true,"showMaterialUpdate":false,"showSkybox":true,"showFlares":true,"showImageEffects":true,"showParticleSystems":true},"in2DMode":false,"pivot":{"x":1.7769410610198975,"y":2.2061822414398195,"z":-0.6470508575439453},"rotation":{"x":-0.1095736101269722,"y":-0.017296908423304559,"z":0.0019090434070676566,"w":-0.9938341975212097},"size":5.835113525390625,"orthographic":false}